{"cameraMode":{"drawMode":0,"name":"Shaded","section":"Shading Mode"},"sceneLighting":false,"audioPlay":false,"sceneViewState":{"showFog":true,"showMaterialUpdate":true,"showSkybox":false,"showFlares":true,"showImageEffects":true,"showParticleSystems":true},"in2DMode":false,"pivot":{"x":0.0,"y":-1.1920928955078126e-7,"z":1.4901161193847657e-8},"rotation":{"x":0.00012584605428855866,"y":0.9998753070831299,"z":-0.01049893070012331,"w":0.011998985894024372},"size":5.110077857971191,"orthographic":true}