{"cameraMode":{"drawMode":0,"name":"Shaded","section":"Shading Mode"},"sceneLighting":true,"audioPlay":false,"sceneViewState":{"showFog":true,"showMaterialUpdate":true,"showSkybox":true,"showFlares":true,"showImageEffects":true,"showParticleSystems":true},"in2DMode":false,"pivot":{"x":-2.6395263671875,"y":1.603271484375,"z":-2.08837890625},"rotation":{"x":-0.0055381678976118568,"y":0.9944438338279724,"z":-0.07112237811088562,"w":-0.07742811739444733},"size":2.581031084060669,"orthographic":true}