{"cameraMode":{"drawMode":0,"name":"Shaded","section":"Shading Mode"},"sceneLighting":false,"audioPlay":false,"sceneViewState":{"showFog":true,"showMaterialUpdate":true,"showSkybox":false,"showFlares":true,"showImageEffects":true,"showParticleSystems":true},"in2DMode":false,"pivot":{"x":-0.47116872668266299,"y":2.0068118572235109,"z":-2.702488660812378},"rotation":{"x":0.003009882289916277,"y":0.9679759740829468,"z":-0.011616035364568234,"w":0.2507769465446472},"size":3.5629255771636965,"orthographic":true}